Modelo,RMSE,R²
Random Forest,0.682465290408335,0.7151801110344282
XGBoost,0.7405724725103514,0.6646144818065964
